bpmRequested,reportedBpmLast,reportedBpmMedian,nBeats,meanBeatIntervalSeconds,truthIntervalSeconds,intervalRatio,bpmRelError
118.000000,114.843750,114.843750,46,0.509807004,0.508474576,1.002620442,0.026747881
120.000000,117.453835,117.453835,47,0.500995761,0.500000000,1.001991521,0.021218046
122.000000,120.185318,120.185318,48,0.492559464,0.491803279,1.001537576,0.014874443
123.000000,120.185318,120.185318,48,0.488360110,0.487804878,1.001138226,0.022883594
124.000000,123.046875,123.046875,49,0.484232804,0.483870968,1.000747795,0.007686492
125.000000,123.046875,123.046875,49,0.480362812,0.480000000,1.000755858,0.015625000
126.000000,123.046875,123.046875,50,0.476482947,0.476190476,1.000614189,0.023437500
127.000000,126.048019,126.048019,50,0.472691934,0.472440945,1.000531260,0.007495910
128.000000,126.048019,126.048019,50,0.468900921,0.468750000,1.000321965,0.015249848
130.000000,129.199219,129.199219,51,0.461380499,0.461538462,0.999657748,0.006159856
132.000000,129.199219,129.199219,52,0.454382642,0.454545455,0.999641812,0.021218040
134.000000,132.512024,132.512024,53,0.447430665,0.447761194,0.999261818,0.011104299
