variant,compensationSeconds,name,sourceSha256,core,steady,ramp,detectionMeasured,predictedBeats,truthBeats,truePositives,precision,recall,fMeasure,acquired,acquisitionBars,bpmRelativeError,halfDoubleTimeError,falseBeatsInTrueSilence,falseBeatsInTrueSilencePerSecond,trueSilenceSeconds,trueSilenceMeasured,falseBeatCoverage,falseBeatMetricInformative,falseBeatsInUnplayedBeatWindows,falseBeatsInUnplayedBeatWindowsPerSecond,falseBeatsOffGridInUnplayedBeatWindowsPerSecond,recoverySeconds,syncopationMaxDeviationFraction,rampLocalTempoRelErrorMean,phaseMeasured,phaseP95AbsMs,beatsReportedByBackend,beatsStampAtBlockStart,beatsRejectedNonCausal,causalAvailabilityMeanSeconds,causalAvailabilityMaxSeconds,cpuSeconds,allocationCount
uncompensated,0,clean_eighths__baseline,ea88817215debac00f094c8f943ef7660b4ff006c98868c37229ebb5143cca3d,0,1,0,1,5,10,5,1,0.5,0.666666667,1,1.24905156,0.0145053561,0,0,0,0.352242,1,Measured,1,0,0,0,0,0,0,1,29.0476193,5,0,0,0.001425,0.00152083333,0.010138,4
uncompensated,0,clean_eighths__noise_snr20db,9f38ffa604c26ac38338114815d2672107e40c9107b66f46ebd6dc55005676bb,0,1,0,1,5,10,5,1,0.5,0.666666667,1,1.24922656,0.0145754738,0,0,0,0.352242,1,NotAssessedStructuralNoise,0,0,0,0,0,0,0,1,28.839286,5,0,0,0.00115833333,0.0011875,0.01008,4
uncompensated,0,clean_eighths__noise_snr10db,ac75fabba9ebd978dcd3dffe669653231cfbf1784a525b947db24dbbb3cde5d6,0,1,0,1,5,10,5,1,0.5,0.666666667,1,1.24964219,0.0144598825,0,0,0,0.352242,1,NotAssessedStructuralNoise,0,0,0,0,0,0,0,1,27.839286,5,0,0,0.000258333333,0.000395833333,0.010069,4
uncompensated,0,clean_eighths__noise_snr0db,cd0a6948d2e6d9c4d2a19f16aa7f83183e19feb26c97a64f0b4d985d528dc39d,0,1,0,1,7,10,2,0.285714286,0.2,0.235294118,0,0,0.367758736,0,0,0,0.352242,1,NotAssessedStructuralNoise,0,0,0,0,0,0,0,1,32.9434523,7,0,0,0.00573809524,0.0103125,0.010102,4
uncompensated,0,clean_eighths__level_-20db,b86bdced3f64c612bff147f5d51136f3f2536780f17cd69b671b0f4060dd161f,0,1,0,1,5,10,5,1,0.5,0.666666667,1,1.24905156,0.0145057194,0,0,0,0.352242,1,Measured,1,0,0,0,0,0,0,1,29.0476193,5,0,0,0.001425,0.00152083333,0.010046,4
uncompensated,0,clean_eighths__level_-40db,3f656b0c162b522e2be7780b05be696813d51f85b6655d184ffc7b18dbd7452a,0,1,0,1,1,10,1,1,0.1,0.181818182,0,0,0.0144842844,0,0,0,0.352242,1,Measured,1,0,0,0,0,0,0,1,1.764881,1,0,0,0.00147916667,0.00147916667,0.009721,4
uncompensated,0,clean_eighths__level_-60db,63c29d19ab78c2197c3537203c688375a59843e31c811cca4f44fa397c556d10,0,1,0,1,0,10,0,1,0,0,0,0,0,0,0,0,0.352242,1,Measured,1,0,0,0,0,0,0,0,0,0,0,0,0,0,0.009718,4
uncompensated,0,clean_eighths__clip_0.5,12d0b7050645e3177acc472903436b040d0ad0b770b53cd1641e7646552556f8,0,1,0,1,5,10,5,1,0.5,0.666666667,1,1.24921562,0.0140812586,0,0,0,0.352242,1,Measured,1,0,0,0,0,0,0,1,27.9434527,5,0,0,0.0007125,0.00120833333,0.009979,4
uncompensated,0,clean_eighths__clip_0.25,559c0dc5073a950b64907148375b2deb7eb08885997254d056b82f49d16b9b98,0,1,0,1,5,10,5,1,0.5,0.666666667,1,1.24968594,0.013441661,0,0,0,0.352242,1,Measured,1,0,0,0,0,0,0,1,25.8601193,5,0,0,0.0077625,0.0104375,0.01001,4
uncompensated,0,clean_eighths__clip_0.125,f8fde29820fd2531b48e068217617b589d33451a32deb3f4c3717c42ec5c6d39,0,1,0,1,5,10,5,1,0.5,0.666666667,1,1.49670938,0.0135479276,0,0,0,0.352242,1,Measured,1,0,0,0,0,0,0,1,25.3809527,5,0,0,0.00930833333,0.0102916667,0.010278,4
uncompensated,0,clean_eighths__offset_40ms,7404153cc29e0176541712aacfaa8af8253f8bf522c8c6a013f74e091bddb25c,0,1,0,1,5,10,5,1,0.5,0.666666667,1,1.25001406,0.0138576447,0,0,0,0.352242,1,Measured,1,0,0,0,0,0,0,1,26.0059527,5,0,0,0.00165833333,0.00235416667,0.010023,4
uncompensated,0,clean_eighths__offset_80ms,532f31201fcdb5d37047808266f0e0cd636a927275812d00ebe3ccd8d1ea0b48,0,1,0,1,5,10,5,1,0.5,0.666666667,1,1.25106406,0.013052683,0,0,0,0.352242,1,Measured,1,0,0,0,0,0,0,1,22.526786,5,0,0,0.00158333333,0.00302083333,0.009964,4
uncompensated,0,clean_eighths__lead_silence_0.5s,0bf376122d394b84c7480aa87108dd761a0cf51b46ce7b5108bb807eb1b3fda2,0,1,0,1,6,10,6,1,0.6,0.75,1,1.24550781,0.0138015747,0,0,0,0.852242,1,Measured,1,0,0,0,0,0,0,1,34.4851193,6,0,0,0.00904166667,0.00997916667,0.011045,4
uncompensated,0,clean_eighths__trail_silence_0.5s,84998a9211d7b9d13316d0377b75cfd7368262bd0d1604c6ab060953be1c7fe6,0,1,0,1,5,10,5,1,0.5,0.666666667,1,1.24905156,0.0145053561,0,0,0,0.852242,1,Measured,1,0,0,0,0,0,0,1,29.0476193,5,0,0,0.001425,0.00152083333,0.011099,4
uncompensated,0,clean_eighths__silence_gap_1s,d0275fe7d26301d318e23d94c7dd7880fe93e930675ae4b16349736f1fa662da,0,1,0,1,3,10,3,1,0.3,0.461538462,0,0,0.0141318185,0,0,0,1.352242,1,Measured,1,0,0,0,0,0,0,1,29.6101193,3,0,0,0.002125,0.00235416667,0.009416,4
uncompensated,0,clean_eighths__drop_every2,5339dd7a9d2dc9ac671d0f594e71d980e6baed0d316f0ea12ad36f6d70730669,0,1,0,1,5,10,5,1,0.5,0.666666667,1,1.49650156,0.0153420463,0,0,0,0.352242,1,Measured,1,3,10,0,0,0,0,1,28.2559527,5,0,0,0.00625833333,0.0105208333,0.010044,4
uncompensated,0,clean_eighths__drop_every4,fcab0fa3ca3e167c727f27a7ae1158f6e08307bcb68ce830a906e51827fa7b6c,0,1,0,1,5,10,5,1,0.5,0.666666667,1,1.49801094,0.0114723084,0,0,0,0.352242,1,Measured,1,1,8.33333333,0,0,0,0,1,19.9851193,5,0,0,0.00585416667,0.00877083333,0.010207,4
uncompensated,0,clean_eighths__syncop_burst1,f4d0eae76481ad0edf4f5bab4125561890e6bb8dbdf000dd068992e5a0af23bb,0,1,0,1,5,10,5,1,0.5,0.666666667,1,1.24905156,0.0145053561,0,0,0,0.352242,1,Measured,1,0,0,0,0,0,0,1,29.0476193,5,0,0,0.001425,0.00152083333,0.010228,4
uncompensated,0,clean_eighths__syncop_burst4,81714c900b65b2c5acf8beac1c67d6fa915d07c0a3d64ea2f5801e2e66e0221f,0,1,0,1,5,10,5,1,0.5,0.666666667,1,1.24918281,0.0139639113,0,0,0,0.352242,1,Measured,1,0,0,0,0,0,0,1,27.7976193,5,0,0,0.000675,0.00127083333,0.01002,4
uncompensated,0,clean_eighths__tempo_step_1.25,974d5232f384bf743687d5885cd048e2408ac9e2a669b851c699e6411cf6fc1b,0,0,0,1,3,10,0,0,0,0,0,0,0,0,0,0,0.352242,1,Measured,1,0,0,0,0,0,0,0,0,3,0,0,0.00922916667,0.00933333333,0.009001,4
uncompensated,0,clean_eighths__tempo_step_0.85,0e64ebed9079f8aa6716e77b0f4550e306835bfa5332f3384f0c979b224b6ae1,0,0,0,1,6,10,1,0.166666667,0.1,0.125,0,0,0,0,0,0,0.352242,1,Measured,1,0,0,0,0,0,0,1,20.617647,6,0,0,0.00124305556,0.00164583333,0.01148,4
uncompensated,0,syncopated_funk__baseline,932813e470ccbe7c4389202963fa299f952cd983333ca2066406ed9e8fd45bd9,0,1,0,1,4,9,4,1,0.444444444,0.615384615,0,0,0.00802435194,0,0,0,0.350271,1,Measured,1,1,8.33333333,0,0,0,0,1,7.276786,4,0,0,0.0060625,0.00966666667,0.009975,4
uncompensated,0,syncopated_funk__noise_snr10db,aec3e62accd700685d9b197987dcbae92efde5f6b6bd8b1f2c4866f2c0950f19,0,1,0,1,4,9,4,1,0.444444444,0.615384615,0,0,0.00784839903,0,0,0,0.350271,1,NotAssessedStructuralNoise,0,1,8.33333333,0,0,0,0,1,6.76190433,4,0,0,0.00735416667,0.0100416667,0.010055,4
uncompensated,0,syncopated_funk__noise_snr0db,6e4949dfc6e50c634af46fe8665227ec1dea499589445fdd05ebd8bb8fc680ae,0,1,0,1,4,9,4,1,0.444444444,0.615384615,0,0,0.0126891136,0,0,0,0.350271,1,NotAssessedStructuralNoise,0,1,8.33333333,0,0,0,0,1,14.6726193,4,0,0,0.007125,0.0102916667,0.010051,4
