variant,compensationSeconds,name,core,steady,ramp,detectionMeasured,predictedBeats,truthBeats,truePositives,precision,recall,fMeasure,acquired,acquisitionBars,bpmRelativeError,halfDoubleTimeError,falseBeatsInTrueSilencePerSecond,trueSilenceSeconds,trueSilenceMeasured,falseBeatCoverage,falseBeatMetricInformative,falseBeatsInUnplayedBeatWindowsPerSecond,falseBeatsOffGridInUnplayedBeatWindowsPerSecond,recoverySeconds,syncopationMaxDeviationFraction,rampLocalTempoRelErrorMean,phaseMeasured,phaseP95AbsMs,beatsReportedByBackend,beatsStampAtBlockStart,beatsRejectedNonCausal,causalAvailabilityMeanSeconds,causalAvailabilityMaxSeconds,cpuSeconds,allocationCount
uncompensated,0,accelerando,0,0,1,1,25,24,9,0.36,0.375,0.367346939,0,0,0,0,0,0.342719,1,Measured,1,0,0,0,0,0.0758109228,1,46.8022757,25,0,0,0.0173758333,0.022125,0.091671,2138
uncompensated,0,arpeggio,1,1,0,1,22,20,19,0.863636364,0.95,0.904761905,0,0,0.0212180456,0,0,0.34833,1,Measured,1,0,0,0,0,0,1,14.0833333,22,0,0,0.0169318182,0.0218333333,0.077233,2028
uncompensated,0,blues_shuffle,1,1,0,1,22,20,16,0.727272727,0.8,0.761904762,1,1.99499063,0.00309244792,0,0,0.353152,1,Measured,1,0,0,0,0,0,1,18.9791663,22,0,0,0.0175729167,0.022125,0.089468,2124
uncompensated,0,clean_eighths,1,1,0,1,21,20,17,0.80952381,0.85,0.829268293,0,0,0.0234375,0,0,0.352242,1,Measured,1,0,0,0,0,0,1,25.636905,21,0,0,0.0177480159,0.022125,0.078066,1987
uncompensated,0,clean_sixteenths,1,1,0,1,22,20,19,0.863636364,0.95,0.904761905,0,0,0.0234375,0,0,0.354404,1,Measured,1,0,0,0,0,0,1,21.1607147,22,0,0,0.0170823864,0.021625,0.077516,1987
uncompensated,0,compound_6_8,0,1,0,1,20,12,6,0.3,0.5,0.375,0,0,0.4549462,0,0,0.34485,1,Measured,1,0,0,0,0,0,1,13.8125,20,0,0,0.0169052083,0.0219791667,0.064237,1813
uncompensated,0,line_input_clipping,0,1,0,1,22,20,17,0.772727273,0.85,0.80952381,1,2.74805781,0.000381106422,0,0,0.351771,1,Measured,1,0,0,0,0,0,1,16.0238097,22,0,0,0.0175018939,0.0222083333,0.078678,1987
uncompensated,0,line_input_low_level,0,1,0,1,18,20,17,0.944444444,0.85,0.894736842,0,0,0.0234375,0,0,0.344852,1,Measured,1,0,0,0,0,0,1,8.81547633,18,0,0,0.0166446759,0.0222083333,0.079251,1987
uncompensated,0,missing_downbeats,1,1,0,1,21,20,18,0.857142857,0.9,0.87804878,0,0,0.0212180456,0,0,0.851732,1,Measured,1,11.1111111,0,0,0,0,1,20.0208333,21,0,0,0.0165009921,0.0215416667,0.082048,2028
uncompensated,0,noisy_microphone,0,1,0,1,22,20,16,0.727272727,0.8,0.761904762,0,0,0.0234375,0,0,0.3511,1,Measured,1,0,0,0,0,0,1,9.00595233,22,0,0,0.0168873106,0.021625,0.079944,1987
uncompensated,0,palm_mute_metal,1,1,0,1,19,20,18,0.947368421,0.9,0.923076923,0,0,0.0234375,0,0,1.41893,1,Measured,1,0,0,0,0,0,1,8.81547633,19,0,0,0.0171951754,0.0222083333,0.079843,1987
uncompensated,0,power_chords_distorted,1,1,0,1,21,20,0,0,0,0,0,0,0.0234375,0,0,0.714189,1,Measured,1,0,0,0,0,0,0,0,21,0,0,0.0166765873,0.0211875,0.076533,1987
uncompensated,0,ritardando,0,0,1,1,28,24,15,0.535714286,0.625,0.576923077,0,0,0,0,0,0.348925,1,Measured,1,0,0,0,0,0.0919691812,1,65.5074863,28,0,0,0.0168519345,0.0219166667,0.094164,2162
uncompensated,0,sparse_single_notes,1,1,0,1,20,20,13,0.65,0.65,0.65,1,1.25617917,0.0182430404,0,1.0247284,5.85521,1,Measured,1,8.33333333,0,0,0,0,1,38.1636903,20,0,0,0.0163479167,0.0219791667,0.088748,2090
uncompensated,0,stop_start,1,1,0,1,26,32,22,0.846153846,0.6875,0.75862069,1,0.260871875,0.0212180398,0,0,4.762255,1,Measured,1,0,0,0,0,0,1,16.8200757,26,0,0,0.0168293269,0.0213333333,0.119495,2420
uncompensated,0,sustained_chords,1,1,0,1,4,16,2,0.5,0.125,0.2,0,0,0.00309244792,0,0.114492848,8.73417,1,CorpusDefect,0,0,0,0,0,0,1,13.8125,4,0,0,0.0153125,0.0204583333,0.084596,2028
uncompensated,0,syncopated_funk,1,1,0,1,21,20,18,0.857142857,0.9,0.87804878,1,1.00153472,0.0182430404,0,0,0.736326,1,Measured,1,13.3333333,0,0,0.0182430404,0,1,39.7738097,21,0,0,0.0177271825,0.0212708333,0.088176,2090
uncompensated,0,tapping_muting_only,0,1,0,1,18,20,17,0.944444444,0.85,0.894736842,1,0.746890278,0.0182430404,0,0.501842918,9.963277,1,CorpusDefect,0,0,0,0,0,0,1,6.633929,18,0,0,0.0171261574,0.0212708333,0.091982,2090
uncompensated,0,waltz_3_4,0,1,0,1,18,18,15,0.833333333,0.833333333,0.833333333,1,1.00450903,0.0144987245,0,0,0.701929,1,Measured,1,0,0,0,0,0,1,10.942935,18,0,0,0.0168032407,0.0214791667,0.066459,1841
