name,core,steady,ramp,nominalBpm,predictedBeats,truthBeats,matchedBeats,scorerAcquired,scorerAcqBars,scorerAcqSeconds,replayAcquired,agrees,lockStartEvent,lockStartAvail,lockConfirmEvent,lockConfirmAvail,lockAcqBars,longestMatchRun,longestTempoRun,clauseBeats,clauseAgreeing,clauseOutsideBand,clauseMissingSample,clausePhaseInvalid,clauseBpmInvalid,medianBpm,bpmMeasured,medianBpmError,medianBpmErrorMeasured,bpmAgreeFrac,ratioToTruth,ratioMeasured,octaveSuspect,silenceBlocks,silenceSeconds,phaseMeasured,phaseMatchedBeats,meanSignedPhaseMs,meanAbsPhaseMs,reason,reasonDetail
regular_96bpm_48000hz,0,1,0,96,54,52,51,1,0.747,1.8675,1,1,2.2175,2.229333333,4.0983125,4.112,0.747,51,14,51,39,12,0,0,0,95.703125,1,0.003092447917,1,0.7544185296,0.9969075521,1,0,251,0.6686666667,1,51,-0.4628267974,7.3125,AcquiredWithin2Bars,"lock at 0.747 bars (1.867 s), confirmed 4.098 s"
sparse_96bpm_48000hz,0,1,0,96,53,52,49,1,1.002425,2.5060625,1,1,2.8560625,2.869333333,4.725270833,4.738666667,1.002425,48,48,48,48,0,0,0,0,95.703125,1,0.003092447917,1,0.9625624642,0.9969075521,1,0,435,1.159333333,1,49,-2.031462585,5.206632653,AcquiredWithin2Bars,"lock at 1.002 bars (2.506 s), confirmed 4.725 s"
gap_96bpm_48000hz,0,1,0,96,54,52,51,1,0.747,1.8675,1,1,2.2175,2.229333333,4.0983125,4.112,0.747,51,13,51,37,14,0,0,0,95.703125,1,0.003092447917,1,0.7134136546,0.9969075521,1,0,192,0.5113333333,1,51,-0.4636437909,6.613970588,AcquiredWithin2Bars,"lock at 0.747 bars (1.867 s), confirmed 4.098 s"
noise_96bpm_48000hz,0,1,0,96,54,52,49,1,0.7748666667,1.937166667,1,1,2.287166667,2.301333333,4.0983125,4.112,0.7748666667,49,14,49,37,12,0,0,0,95.703125,1,0.003092447917,1,0.7064418159,0.9969075521,1,0,0,0,1,49,1.12755102,8.68707483,AcquiredWithin2Bars,"lock at 0.775 bars (1.937 s), confirmed 4.098 s"
regular_126bpm_48000hz,0,1,0,126,71,68,67,1,0.4928218752,0.9387083333,1,1,1.288708333,1.301333333,2.728354167,2.741333333,0.4928218752,67,5,67,5,62,0,0,0,123.046875,1,0.0234375,1,0.07154315047,0.9765624996,1,0,132,0.352,1,67,3.741471214,6.234719244,AcquiredWithin2Bars,"lock at 0.493 bars (0.939 s), confirmed 2.728 s"
sparse_126bpm_48000hz,0,1,0,126,69,68,67,1,1.004817187,1.9139375,1,1,2.2639375,2.277333333,3.680354167,3.693333333,1.004817187,67,19,67,55,12,0,0,0,126.0480194,1,0.0003811064221,1,0.7994610925,1.000381106,1,0,353,0.9389583333,1,67,-5.789934259,10.1899875,AcquiredWithin2Bars,"lock at 1.005 bars (1.914 s), confirmed 3.680 s"
gap_126bpm_48000hz,0,1,0,126,70,68,67,1,0.4928218752,0.9387083333,1,1,1.288708333,1.301333333,2.728354167,2.741333333,0.4928218752,67,5,67,5,62,0,0,0,123.046875,1,0.0234375,1,0.07169265391,0.9765624996,1,0,158,0.4189583333,1,67,4.434568229,6.927816259,AcquiredWithin2Bars,"lock at 0.493 bars (0.939 s), confirmed 2.728 s"
noise_126bpm_48000hz,0,1,0,126,71,68,63,0,,,0,1,,,,,,63,0,63,0,63,0,0,0,123.046875,1,0.0234375,1,0.01291305743,0.9765624996,1,0,0,0,1,63,6.326719577,7.158824635,TempoOutsideBand,"longest 63-beat match run: agreeing 0, outsideBand 63, missingSample 0, phaseInvalid 0, bpmInvalid 0; medianBpm 123.046875, nominal 126.000, ratio 0.976562"
regular_96bpm_44100hz,0,1,0,96,54,52,49,1,0.9977777778,2.494444444,1,1,2.844444444,2.858956916,4.725260771,4.739773243,0.9977777778,49,14,49,41,8,0,0,0,95.703125,1,0.003092447917,1,0.7939298522,0.9969075521,1,0,182,0.526462585,1,49,-2.42792355,6.286038225,AcquiredWithin2Bars,"lock at 0.998 bars (2.494 s), confirmed 4.725 s"
sparse_96bpm_44100hz,0,1,0,96,53,52,47,1,1.253197279,3.132993197,1,1,3.482993197,3.497505669,5.352199546,5.366712018,1.253197279,47,47,47,47,0,0,0,0,95.703125,1,0.003092447917,1,0.9618606309,0.9969075521,1,0,393,1.138888889,1,47,-2.253582284,4.153037101,AcquiredWithin2Bars,"lock at 1.253 bars (3.133 s), confirmed 5.352 s"
gap_96bpm_44100hz,0,1,0,96,54,52,49,1,0.9977777778,2.494444444,1,1,2.844444444,2.858956916,4.725260771,4.739773243,0.9977777778,49,11,49,38,11,0,0,0,95.703125,1,0.003092447917,1,0.7353948871,0.9969075521,1,0,232,0.6715873016,1,49,-1.717108612,6.156925355,AcquiredWithin2Bars,"lock at 0.998 bars (2.494 s), confirmed 4.725 s"
noise_96bpm_44100hz,0,1,0,96,54,52,48,1,1.00706576,2.517664399,1,1,2.867664399,2.882176871,4.725260771,4.739773243,1.00706576,48,13,48,31,17,0,0,0,95.703125,1,0.003092447917,1,0.575554589,0.9969075521,1,0,0,0,1,48,0.5801209373,6.298185941,AcquiredWithin2Bars,"lock at 1.007 bars (2.518 s), confirmed 4.725 s"
regular_126bpm_44100hz,0,1,0,126,70,68,67,1,4.491297619,8.554852608,1,1,8.904852608,8.919365079,10.33287982,10.34739229,4.491297619,67,7,67,9,58,0,0,0,123.046875,1,0.0234375,1,0.1298678568,0.9765624996,1,0,148,0.4277324263,1,67,1.315531186,8.251599153,AcquiredAfter2Bars,"lock only at 4.491 bars (8.555 s)"
sparse_126bpm_44100hz,0,1,0,126,69,68,63,1,2.242154762,4.270770975,1,1,4.620770975,4.635283447,6.048798186,6.063310658,2.242154762,61,31,61,51,10,0,0,0,126.0480194,1,0.0003811064221,1,0.7415050703,1.000381106,1,0,333,0.9646938776,1,63,-4.893999933,12.40578766,AcquiredAfter2Bars,"lock only at 2.242 bars (4.271 s)"
gap_126bpm_44100hz,0,1,0,126,70,68,67,1,4.491297619,8.554852608,1,1,8.904852608,8.919365079,10.33287982,10.34739229,4.491297619,67,7,67,10,57,0,0,0,123.046875,1,0.0234375,1,0.1432332807,0.9765624996,1,0,181,0.5235147392,1,67,3.39493011,7.318171045,AcquiredAfter2Bars,"lock only at 4.491 bars (8.555 s)"
noise_126bpm_44100hz,0,1,0,126,68,68,60,1,2.492059524,4.746780045,1,1,5.096780045,5.111292517,6.524807256,6.539319728,2.492059524,59,9,59,13,46,0,0,0,123.046875,1,0.0234375,1,0.1857866248,0.9765624996,1,0,0,0,1,60,1.564625854,8.096749797,AcquiredAfter2Bars,"lock only at 2.492 bars (4.747 s)"
