beatIndex,blockIndex,eventSeconds,availabilitySeconds,latencySeconds,reportedSample,blockStartSeconds
0,1139,3.036395833,3.040000000,0.003604167,145747,3.037333333
1,1339,3.567833333,3.573333333,0.005500000,171256,3.570666667
2,1539,4.099270833,4.106666667,0.007395833,196765,4.104000000
3,1739,4.630687500,4.640000000,0.009312500,222273,4.637333333
4,2143,5.710479167,5.717333333,0.006854167,274103,5.714666667
5,2343,6.241354167,6.250666667,0.009312500,299585,6.248000000
6,3147,8.389770833,8.394666667,0.004895833,402709,8.392000000
7,3347,8.920666667,8.928000000,0.007333333,428192,8.925333333
8,3547,9.451583333,9.461333333,0.009750000,453676,9.458666667
