blockIndex,startSeconds,endSeconds,bpm,phaseValid,silence,confidence,onsetStrength,energyRmsDbfs,beatEvent,reportedSample
0,0.000000000,0.002666667,0.000000,0,1,0.000000,0.999999,-60.988,0,0
5,0.013333333,0.016000000,0.000000,0,0,0.000000,0.067700,-59.783,0,640
10,0.026666667,0.029333333,0.000000,0,0,0.000000,0.000000,-60.318,0,1280
20,0.053333333,0.056000000,0.000000,0,0,0.000000,0.099687,-60.221,0,2560
30,0.080000000,0.082666667,0.000000,0,0,0.000000,0.000000,-62.241,0,3840
40,0.106666667,0.109333333,0.000000,0,0,0.000000,0.000000,-63.561,0,5120
50,0.133333333,0.136000000,0.000000,0,0,0.000000,0.000499,-62.256,0,6400
60,0.160000000,0.162666667,0.000000,0,0,0.000000,0.027282,-60.865,0,7680
70,0.186666667,0.189333333,0.000000,0,0,0.000000,0.058350,-61.607,0,8960
77,0.205333333,0.208000000,0.000000,0,1,0.000000,0.017330,-61.876,0,9856
79,0.210666667,0.213333333,0.000000,0,0,0.000000,0.113069,-59.216,0,10112
80,0.213333333,0.216000000,0.000000,0,0,0.000000,0.106956,-57.351,0,10240
90,0.240000000,0.242666667,0.000000,0,0,0.000000,0.000000,-61.842,0,11520
100,0.266666667,0.269333333,0.000000,0,0,0.000000,0.062206,-61.016,0,12800
110,0.293333333,0.296000000,0.000000,0,0,0.000000,0.000000,-62.747,0,14080
120,0.320000000,0.322666667,0.000000,0,0,0.000000,0.167701,-57.845,0,15360
130,0.346666667,0.349333333,0.000000,0,0,0.000000,0.000000,-63.075,0,16640
140,0.373333333,0.376000000,0.000000,0,0,0.000000,0.000000,-26.271,0,17920
150,0.400000000,0.402666667,0.000000,0,0,0.000000,0.124547,-22.964,0,19200
160,0.426666667,0.429333333,0.000000,0,0,0.000000,0.088649,-22.732,0,20480
170,0.453333333,0.456000000,0.000000,0,0,0.000000,0.000000,-25.702,0,21760
180,0.480000000,0.482666667,0.000000,0,0,0.000000,0.000000,-27.288,0,23040
190,0.506666667,0.509333333,0.000000,0,0,0.000000,0.000000,-26.314,0,24320
200,0.533333333,0.536000000,0.000000,0,0,0.000000,0.023897,-29.049,0,25600
210,0.560000000,0.562666667,0.000000,0,0,0.000000,0.051698,-35.466,0,26880
220,0.586666667,0.589333333,0.000000,0,0,0.000000,0.014579,-39.511,0,28160
230,0.613333333,0.616000000,0.000000,0,0,0.000000,0.047410,-42.879,0,29440
240,0.640000000,0.642666667,0.000000,0,0,0.000000,0.000000,-48.799,0,30720
250,0.666666667,0.669333333,0.000000,0,0,0.000000,0.000000,-52.958,0,32000
260,0.693333333,0.696000000,0.000000,0,0,0.000000,0.000000,-55.237,0,33280
270,0.720000000,0.722666667,0.000000,0,0,0.000000,0.039554,-56.846,0,34560
280,0.746666667,0.749333333,0.000000,0,0,0.000000,0.000000,-57.544,0,35840
290,0.773333333,0.776000000,0.000000,0,0,0.000000,0.026705,-58.620,0,37120
300,0.800000000,0.802666667,0.000000,0,0,0.000000,0.071522,-59.091,0,38400
310,0.826666667,0.829333333,0.000000,0,0,0.000000,0.000000,-57.663,0,39680
320,0.853333333,0.856000000,0.000000,0,0,0.000000,0.026032,-60.655,0,40960
330,0.880000000,0.882666667,0.000000,0,0,0.000000,0.000000,-61.432,0,42240
340,0.906666667,0.909333333,0.000000,0,0,0.000000,0.000000,-23.401,0,43520
350,0.933333333,0.936000000,0.000000,0,0,0.000000,0.014327,-18.947,0,44800
360,0.960000000,0.962666667,0.000000,0,0,0.000000,0.004895,-19.013,0,46080
370,0.986666667,0.989333333,0.000000,0,0,0.000000,0.000000,-20.951,0,47360
380,1.013333333,1.016000000,0.000000,0,0,0.000000,0.006161,-19.162,0,48640
390,1.040000000,1.042666667,0.000000,0,0,0.000000,0.026093,-21.154,0,49920
400,1.066666667,1.069333333,0.000000,0,0,0.000000,0.000000,-26.852,0,51200
410,1.093333333,1.096000000,0.000000,0,0,0.000000,0.000000,-30.367,0,52480
420,1.120000000,1.122666667,0.000000,0,0,0.000000,0.000000,-34.103,0,53760
430,1.146666667,1.149333333,0.000000,0,0,0.000000,0.013067,-37.141,0,55040
440,1.173333333,1.176000000,0.000000,0,0,0.000000,0.000000,-41.683,0,56320
450,1.200000000,1.202666667,0.000000,0,0,0.000000,0.000000,-43.722,0,57600
460,1.226666667,1.229333333,0.000000,0,0,0.000000,0.000000,-45.267,0,58880
470,1.253333333,1.256000000,0.000000,0,0,0.000000,0.000000,-46.652,0,60160
480,1.280000000,1.282666667,0.000000,0,0,0.000000,0.002150,-47.710,0,61440
490,1.306666667,1.309333333,0.000000,0,0,0.000000,0.021292,-49.144,0,62720
500,1.333333333,1.336000000,0.000000,0,0,0.000000,0.012747,-50.689,0,64000
510,1.360000000,1.362666667,0.000000,0,0,0.000000,0.068428,-51.677,0,65280
520,1.386666667,1.389333333,0.000000,0,0,0.000000,0.000000,-52.473,0,66560
530,1.413333333,1.416000000,0.000000,0,0,0.000000,0.000000,-54.704,0,67840
540,1.440000000,1.442666667,0.000000,0,0,0.000000,0.000000,-56.302,0,69120
550,1.466666667,1.469333333,0.000000,0,0,0.000000,0.037045,-56.019,0,70400
560,1.493333333,1.496000000,0.000000,0,0,0.000000,0.008100,-57.747,0,71680
570,1.520000000,1.522666667,0.000000,0,0,0.000000,0.057611,-57.412,0,72960
580,1.546666667,1.549333333,0.000000,0,0,0.000000,0.000000,-58.372,0,74240
590,1.573333333,1.576000000,0.000000,0,0,0.000000,0.000000,-60.481,0,75520
600,1.600000000,1.602666667,0.000000,0,0,0.000000,0.000000,-60.369,0,76800
610,1.626666667,1.629333333,0.000000,0,0,0.000000,0.072735,-58.145,0,78080
620,1.653333333,1.656000000,0.000000,0,0,0.000000,0.000000,-61.396,0,79360
630,1.680000000,1.682666667,0.000000,0,0,0.000000,0.000000,-61.851,0,80640
640,1.706666667,1.709333333,0.000000,0,0,0.000000,0.074471,-59.491,0,81920
650,1.733333333,1.736000000,0.000000,0,0,0.000000,0.000000,-62.009,0,83200
660,1.760000000,1.762666667,0.000000,0,0,0.000000,0.044760,-60.922,0,84480
670,1.786666667,1.789333333,0.000000,0,0,0.000000,0.000000,-63.644,0,85760
680,1.813333333,1.816000000,0.000000,0,0,0.000000,0.000000,-62.831,0,87040
690,1.840000000,1.842666667,0.000000,0,0,0.000000,0.000000,-58.433,0,88320
700,1.866666667,1.869333333,0.000000,0,0,0.000000,0.142634,-60.786,0,89600
710,1.893333333,1.896000000,0.000000,0,0,0.000000,0.000000,-60.255,0,90880
720,1.920000000,1.922666667,0.000000,0,0,0.000000,0.000000,-55.351,0,92160
730,1.946666667,1.949333333,0.000000,0,0,0.000000,0.058595,-59.389,0,93440
740,1.973333333,1.976000000,0.000000,0,0,0.000000,0.000000,-62.633,0,94720
750,2.000000000,2.002666667,0.000000,0,0,0.000000,0.000000,-60.280,0,96000
760,2.026666667,2.029333333,0.000000,0,0,0.000000,0.000000,-58.117,0,97280
770,2.053333333,2.056000000,0.000000,0,0,0.000000,0.017937,-60.601,0,98560
780,2.080000000,2.082666667,0.000000,0,0,0.000000,0.000000,-61.681,0,99840
790,2.106666667,2.109333333,0.000000,0,0,0.000000,0.260593,-58.573,0,101120
800,2.133333333,2.136000000,0.000000,0,0,0.000000,0.000000,-61.335,0,102400
810,2.160000000,2.162666667,0.000000,0,0,0.000000,0.000000,-63.412,0,103680
820,2.186666667,2.189333333,0.000000,0,0,0.000000,0.005928,-58.677,0,104960
830,2.213333333,2.216000000,0.000000,0,0,0.000000,0.039667,-57.832,0,106240
840,2.240000000,2.242666667,0.000000,0,0,0.000000,0.101591,-61.157,0,107520
850,2.266666667,2.269333333,0.000000,0,0,0.000000,0.000000,-62.273,0,108800
860,2.293333333,2.296000000,0.000000,0,0,0.000000,0.000000,-62.070,0,110080
870,2.320000000,2.322666667,0.000000,0,0,0.000000,0.076818,-60.444,0,111360
880,2.346666667,2.349333333,0.000000,0,0,0.000000,0.000000,-61.739,0,112640
890,2.373333333,2.376000000,0.000000,0,0,0.000000,0.039539,-60.460,0,113920
900,2.400000000,2.402666667,0.000000,0,0,0.000000,0.000000,-63.101,0,115200
910,2.426666667,2.429333333,0.000000,0,0,0.000000,0.000000,-62.379,0,116480
920,2.453333333,2.456000000,0.000000,0,0,0.000000,0.032550,-62.389,0,117760
922,2.458666667,2.461333333,0.000000,0,1,0.000000,0.000000,-62.948,0,118016
924,2.464000000,2.466666667,0.000000,0,0,0.000000,0.146238,-59.585,0,118272
930,2.480000000,2.482666667,0.000000,0,0,0.000000,0.017290,-62.484,0,119040
940,2.506666667,2.509333333,0.000000,0,0,0.000000,0.000000,-21.736,0,120320
950,2.533333333,2.536000000,0.000000,0,0,0.000000,0.058749,-24.051,0,121600
960,2.560000000,2.562666667,0.000000,0,0,0.000000,0.000000,-22.633,0,122880
970,2.586666667,2.589333333,0.000000,0,0,0.000000,0.000000,-20.834,0,124160
980,2.613333333,2.616000000,0.000000,0,0,0.000000,0.025976,-20.790,0,125440
990,2.640000000,2.642666667,0.000000,0,0,0.000000,0.009667,-24.563,0,126720
1000,2.666666667,2.669333333,0.000000,0,0,0.000000,0.000000,-28.499,0,128000
1010,2.693333333,2.696000000,0.000000,0,0,0.000000,0.000000,-31.670,0,129280
1020,2.720000000,2.722666667,0.000000,0,0,0.000000,0.002474,-36.548,0,130560
1030,2.746666667,2.749333333,112.961494,0,0,0.000000,0.000000,-42.476,0,131840
1040,2.773333333,2.776000000,112.961494,0,0,0.000000,0.000000,-45.371,0,133120
1050,2.800000000,2.802666667,112.961494,0,0,0.000000,0.011127,-48.645,0,134400
1060,2.826666667,2.829333333,112.961494,0,0,0.000000,0.000153,-50.673,0,135680
1070,2.853333333,2.856000000,112.961494,0,0,0.000000,0.000000,-51.378,0,136960
1080,2.880000000,2.882666667,112.961494,0,0,0.000000,0.044548,-52.683,0,138240
1090,2.906666667,2.909333333,112.961494,0,0,0.000000,0.003964,-54.391,0,139520
1100,2.933333333,2.936000000,112.961494,0,0,0.000000,0.000000,-55.093,0,140800
1110,2.960000000,2.962666667,112.961494,0,0,0.000000,0.003293,-56.547,0,142080
1120,2.986666667,2.989333333,112.961494,0,0,0.000000,0.001740,-57.692,0,143360
1130,3.013333333,3.016000000,112.961494,0,0,0.000000,0.000000,-59.768,0,144640
1139,3.037333333,3.040000000,112.961494,1,0,0.000000,0.000000,-23.030,1,145770
1140,3.040000000,3.042666667,112.961494,1,0,0.000000,0.000000,-23.281,0,145920
1150,3.066666667,3.069333333,112.961494,1,0,0.000000,0.017806,-23.907,0,147200
1160,3.093333333,3.096000000,112.961494,1,0,0.000000,0.000000,-22.749,0,148480
1170,3.120000000,3.122666667,112.961494,1,0,0.000000,0.000000,-19.981,0,149760
1180,3.146666667,3.149333333,112.961494,1,0,0.000000,0.000000,-21.322,0,151040
1190,3.173333333,3.176000000,112.961494,1,0,0.000000,0.000000,-22.779,0,152320
1200,3.200000000,3.202666667,112.961494,1,0,0.000000,0.000000,-25.366,0,153600
1210,3.226666667,3.229333333,112.961494,1,0,0.000000,0.055495,-28.137,0,154880
1220,3.253333333,3.256000000,112.961494,1,0,0.000000,0.071315,-33.184,0,156160
1230,3.280000000,3.282666667,112.961494,1,0,0.000000,0.054521,-38.571,0,157440
1240,3.306666667,3.309333333,112.961494,1,0,0.000000,0.000000,-43.302,0,158720
1250,3.333333333,3.336000000,112.961494,1,0,0.000000,0.060520,-45.525,0,160000
1260,3.360000000,3.362666667,112.961494,1,0,0.000000,0.020719,-47.420,0,161280
1270,3.386666667,3.389333333,112.961494,1,0,0.000000,0.000000,-49.994,0,162560
1280,3.413333333,3.416000000,112.961494,1,0,0.000000,0.000000,-51.215,0,163840
1290,3.440000000,3.442666667,112.961494,1,0,0.000000,0.000000,-52.294,0,165120
1300,3.466666667,3.469333333,112.961494,1,0,0.000000,0.000000,-53.098,0,166400
1310,3.493333333,3.496000000,112.961494,1,0,0.000000,0.000000,-54.641,0,167680
1320,3.520000000,3.522666667,112.961494,1,0,0.000000,0.007879,-55.130,0,168960
1330,3.546666667,3.549333333,112.961494,1,0,0.000000,0.000000,-54.431,0,170240
1339,3.570666667,3.573333333,112.961494,1,0,0.000000,0.099537,-55.363,1,171265
1340,3.573333333,3.576000000,112.961494,1,0,0.000000,0.000000,-56.915,0,171520
1350,3.600000000,3.602666667,112.961494,1,0,0.000000,0.000000,-57.627,0,172800
1360,3.626666667,3.629333333,112.961494,1,0,0.000000,0.020474,-57.124,0,174080
1370,3.653333333,3.656000000,112.961494,1,0,0.000000,0.000000,-59.442,0,175360
1380,3.680000000,3.682666667,112.961494,1,0,0.000000,0.026556,-60.456,0,176640
1390,3.706666667,3.709333333,112.961494,1,0,0.000000,0.079289,-60.512,0,177920
1400,3.733333333,3.736000000,112.961494,1,0,0.000000,0.019716,-60.429,0,179200
1410,3.760000000,3.762666667,112.961494,1,0,0.000000,0.094898,-57.584,0,180480
1420,3.786666667,3.789333333,112.961494,1,0,0.000000,0.032328,-60.400,0,181760
1430,3.813333333,3.816000000,112.961494,1,0,0.000000,0.000000,-61.165,0,183040
1440,3.840000000,3.842666667,112.961494,1,0,0.000000,0.148208,-58.995,0,184320
1450,3.866666667,3.869333333,112.961494,1,0,0.000000,0.135768,-59.889,0,185600
1460,3.893333333,3.896000000,112.961494,1,0,0.000000,0.000000,-62.172,0,186880
1470,3.920000000,3.922666667,112.961494,1,0,0.000000,0.000000,-62.077,0,188160
1480,3.946666667,3.949333333,112.961494,1,0,0.000000,0.019452,-59.407,0,189440
1490,3.973333333,3.976000000,112.961494,1,0,0.000000,0.065612,-61.409,0,190720
1500,4.000000000,4.002666667,112.961494,1,0,0.000000,0.000000,-60.566,0,192000
1510,4.026666667,4.029333333,112.961494,1,0,0.000000,0.000000,-61.887,0,193280
1520,4.053333333,4.056000000,112.961494,1,0,0.000000,0.000000,-61.177,0,194560
1530,4.080000000,4.082666667,112.961494,1,0,0.000000,0.000000,-61.695,0,195840
1539,4.104000000,4.106666667,112.961494,1,0,0.000000,0.100842,-57.329,1,196761
1540,4.106666667,4.109333333,112.961494,1,0,0.000000,0.000000,-58.144,0,197120
1550,4.133333333,4.136000000,112.961494,1,0,0.000000,0.000000,-63.704,0,198400
1560,4.160000000,4.162666667,112.961494,1,0,0.000000,0.000000,-61.765,0,199680
1570,4.186666667,4.189333333,112.961494,1,0,0.000000,0.094581,-58.275,0,200960
1580,4.213333333,4.216000000,112.961494,1,0,0.000000,0.000000,-58.576,0,202240
1590,4.240000000,4.242666667,112.961494,1,0,0.000000,0.000549,-62.006,0,203520
1600,4.266666667,4.269333333,112.961494,1,0,0.000000,0.000000,-60.869,0,204800
1610,4.293333333,4.296000000,112.961494,1,0,0.000000,0.000000,-59.479,0,206080
1620,4.320000000,4.322666667,112.961494,1,0,0.000000,0.056657,-59.565,0,207360
1630,4.346666667,4.349333333,112.961494,1,0,0.000000,0.000000,-54.800,0,208640
1640,4.373333333,4.376000000,112.961494,1,0,0.000000,0.000000,-61.899,0,209920
1650,4.400000000,4.402666667,112.961494,1,0,0.000000,0.000000,-60.953,0,211200
1660,4.426666667,4.429333333,112.961494,1,0,0.000000,0.000000,-62.009,0,212480
1670,4.453333333,4.456000000,112.961494,1,0,0.000000,0.000000,-61.554,0,213760
1680,4.480000000,4.482666667,112.961494,1,0,0.000000,0.075121,-62.034,0,215040
1690,4.506666667,4.509333333,112.961494,1,0,0.000000,0.154444,-57.986,0,216320
1700,4.533333333,4.536000000,112.961494,1,0,0.000000,0.000000,-61.845,0,217600
1710,4.560000000,4.562666667,112.961494,1,0,0.000000,0.149652,-57.703,0,218880
1720,4.586666667,4.589333333,112.961494,1,0,0.000000,0.264578,-58.329,0,220160
1730,4.613333333,4.616000000,112.961494,1,0,0.000000,0.113000,-55.287,0,221440
1739,4.637333333,4.640000000,112.961494,1,0,0.000000,0.000000,-21.032,1,222256
1740,4.640000000,4.642666667,112.961494,1,0,0.000000,0.070612,-19.804,0,222720
1750,4.666666667,4.669333333,112.961494,1,0,0.000000,0.055012,-21.769,0,224000
1760,4.693333333,4.696000000,112.961494,1,0,0.000000,0.000000,-20.964,0,225280
1770,4.720000000,4.722666667,112.961494,1,0,0.000000,0.000000,-19.649,0,226560
1780,4.746666667,4.749333333,112.961494,1,0,0.000000,0.069747,-18.817,0,227840
1790,4.773333333,4.776000000,112.961494,1,0,0.000000,0.038471,-19.367,0,229120
1800,4.800000000,4.802666667,112.961494,1,0,0.000000,0.038743,-22.963,0,230400
1810,4.826666667,4.829333333,112.961494,1,0,0.000000,0.022709,-27.253,0,231680
1820,4.853333333,4.856000000,112.961494,1,0,0.000000,0.000000,-30.546,0,232960
1830,4.880000000,4.882666667,112.961494,1,0,0.000000,0.018483,-34.840,0,234240
1840,4.906666667,4.909333333,112.961494,1,0,0.000000,0.038729,-40.296,0,235520
1850,4.933333333,4.936000000,112.961494,1,0,0.000000,0.000000,-42.697,0,236800
1860,4.960000000,4.962666667,112.961494,1,0,0.000000,0.001400,-43.101,0,238080
1870,4.986666667,4.989333333,112.961494,1,0,0.000000,0.004142,-44.360,0,239360
1880,5.013333333,5.016000000,112.961494,1,0,0.000000,0.006474,-45.914,0,240640
1890,5.040000000,5.042666667,112.961494,1,0,0.000000,0.000000,-47.581,0,241920
1900,5.066666667,5.069333333,112.961494,1,0,0.000000,0.033750,-48.048,0,243200
1910,5.093333333,5.096000000,112.961494,1,0,0.000000,0.000000,-50.173,0,244480
1920,5.120000000,5.122666667,112.961494,1,0,0.000000,0.000000,-50.552,0,245760
1930,5.146666667,5.149333333,112.961494,1,0,0.000000,0.000000,-51.952,0,247040
1935,5.160000000,5.162666667,112.961494,1,0,0.000000,0.000000,-51.777,1,247752
1940,5.173333333,5.176000000,112.961494,1,0,0.000000,0.043936,-22.203,0,248320
1950,5.200000000,5.202666667,112.961494,1,0,0.000000,0.091819,-27.653,0,249600
1960,5.226666667,5.229333333,112.961494,1,0,0.000000,0.000000,-24.513,0,250880
1970,5.253333333,5.256000000,112.961494,1,0,0.000000,0.000000,-22.187,0,252160
1980,5.280000000,5.282666667,112.961494,1,0,0.000000,0.000000,-22.670,0,253440
1990,5.306666667,5.309333333,112.961494,1,0,0.000000,0.000000,-25.270,0,254720
2000,5.333333333,5.336000000,112.961494,1,0,0.000000,0.000000,-27.915,0,256000
2010,5.360000000,5.362666667,112.961494,1,0,0.000000,0.000000,-31.080,0,257280
2020,5.386666667,5.389333333,112.961494,1,0,0.000000,0.013941,-34.217,0,258560
2030,5.413333333,5.416000000,112.961494,1,0,0.000000,0.020525,-39.897,0,259840
2040,5.440000000,5.442666667,112.961494,1,0,0.000000,0.013443,-44.286,0,261120
2050,5.466666667,5.469333333,113.290825,1,0,0.000000,0.000000,-48.150,0,262400
2060,5.493333333,5.496000000,113.290825,1,0,0.000000,0.053594,-50.733,0,263680
2070,5.520000000,5.522666667,113.290825,1,0,0.000000,0.000000,-52.197,0,264960
2080,5.546666667,5.549333333,113.290825,1,0,0.000000,0.060708,-52.950,0,266240
2090,5.573333333,5.576000000,113.290825,1,0,0.000000,0.000174,-54.201,0,267520
2100,5.600000000,5.602666667,113.290825,1,0,0.000000,0.038942,-54.673,0,268800
2110,5.626666667,5.629333333,113.290825,1,0,0.000000,0.000000,-56.699,0,270080
2120,5.653333333,5.656000000,113.290825,1,0,0.000000,0.000000,-57.280,0,271360
2130,5.680000000,5.682666667,113.290825,1,0,0.000000,0.000000,-57.901,0,272640
2140,5.706666667,5.709333333,113.290825,1,0,0.000000,0.133107,-57.487,0,273920
2143,5.714666667,5.717333333,113.290825,1,0,0.000000,0.063777,-57.709,1,273969
2150,5.733333333,5.736000000,113.290825,1,0,0.000000,0.000000,-60.248,0,275200
2160,5.760000000,5.762666667,113.290825,1,0,0.000000,0.010287,-59.016,0,276480
2170,5.786666667,5.789333333,113.290825,1,0,0.000000,0.023483,-57.989,0,277760
2180,5.813333333,5.816000000,113.290825,1,0,0.000000,0.005197,-61.058,0,279040
2190,5.840000000,5.842666667,113.290825,1,0,0.000000,0.000000,-58.355,0,280320
2200,5.866666667,5.869333333,113.290825,1,0,0.000000,0.086997,-60.854,0,281600
2210,5.893333333,5.896000000,113.290825,1,0,0.000000,0.063473,-60.421,0,282880
2220,5.920000000,5.922666667,113.290825,1,0,0.000000,0.102098,-60.702,0,284160
2230,5.946666667,5.949333333,113.290825,1,0,0.000000,0.000000,-61.849,0,285440
2240,5.973333333,5.976000000,113.290825,1,0,0.000000,0.000000,-60.954,0,286720
2250,6.000000000,6.002666667,113.290825,1,0,0.000000,0.009682,-61.821,0,288000
2260,6.026666667,6.029333333,113.290825,1,0,0.000000,0.000000,-62.177,0,289280
2270,6.053333333,6.056000000,113.290825,1,0,0.000000,0.000000,-61.704,0,290560
2280,6.080000000,6.082666667,113.290825,1,0,0.000000,0.119523,-61.424,0,291840
2290,6.106666667,6.109333333,113.290825,1,0,0.000000,0.126449,-60.281,0,293120
2293,6.114666667,6.117333333,113.290825,0,1,0.000000,0.000000,-62.531,0,293504
2297,6.125333333,6.128000000,113.290825,1,0,0.000000,0.016107,-59.969,0,294016
2300,6.133333333,6.136000000,113.290825,1,0,0.000000,0.089528,-62.097,0,294400
2310,6.160000000,6.162666667,113.290825,1,0,0.000000,0.036423,-61.303,0,295680
2320,6.186666667,6.189333333,113.290825,1,0,0.000000,0.168843,-60.419,0,296960
2330,6.213333333,6.216000000,113.290825,1,0,0.000000,0.109339,-59.845,0,298240
2339,6.237333333,6.240000000,113.290825,1,0,0.000000,0.061820,-60.721,1,299391
2340,6.240000000,6.242666667,113.290825,1,0,0.000000,0.101006,-58.960,0,299520
2350,6.266666667,6.269333333,113.290825,1,0,0.000000,0.033381,-61.019,0,300800
2360,6.293333333,6.296000000,113.290825,1,0,0.000000,0.000000,-60.778,0,302080
2370,6.320000000,6.322666667,113.290825,1,0,0.000000,0.000000,-60.355,0,303360
2380,6.346666667,6.349333333,113.290825,1,0,0.000000,0.042369,-62.009,0,304640
2390,6.373333333,6.376000000,113.290825,1,0,0.000000,0.021542,-62.685,0,305920
2400,6.400000000,6.402666667,113.290825,1,0,0.000000,0.000000,-60.990,0,307200
2410,6.426666667,6.429333333,113.290825,1,0,0.000000,0.000000,-61.450,0,308480
2420,6.453333333,6.456000000,113.290825,1,0,0.000000,0.000000,-60.896,0,309760
2430,6.480000000,6.482666667,113.290825,1,0,0.000000,0.000000,-62.537,0,311040
2440,6.506666667,6.509333333,113.290825,1,0,0.000000,0.220306,-56.667,0,312320
2450,6.533333333,6.536000000,113.290825,1,0,0.000000,0.000000,-61.582,0,313600
2460,6.560000000,6.562666667,113.290825,1,0,0.000000,0.000000,-61.257,0,314880
2470,6.586666667,6.589333333,113.290825,1,0,0.000000,0.000000,-63.466,0,316160
2480,6.613333333,6.616000000,113.290825,1,0,0.000000,0.086193,-61.947,0,317440
2490,6.640000000,6.642666667,113.290825,1,0,0.000000,0.011209,-62.151,0,318720
2500,6.666666667,6.669333333,113.290825,1,0,0.000000,0.045044,-61.395,0,320000
2510,6.693333333,6.696000000,113.290825,1,0,0.000000,0.000000,-62.564,0,321280
2520,6.720000000,6.722666667,113.290825,1,0,0.000000,0.017030,-56.467,0,322560
2530,6.746666667,6.749333333,113.290825,1,0,0.000000,0.010062,-62.251,0,323840
2539,6.770666667,6.773333333,113.290825,1,0,0.000000,0.000000,-62.186,1,324812
2540,6.773333333,6.776000000,113.290825,1,0,0.000000,0.226635,-58.179,0,325120
2550,6.800000000,6.802666667,113.290825,1,0,0.000000,0.000000,-26.370,0,326400
2560,6.826666667,6.829333333,113.290825,1,0,0.000000,0.158060,-25.917,0,327680
2570,6.853333333,6.856000000,113.290825,1,0,0.000000,0.000000,-26.077,0,328960
2580,6.880000000,6.882666667,113.290825,1,0,0.000000,0.000000,-23.476,0,330240
2590,6.906666667,6.909333333,113.290825,1,0,0.000000,0.000000,-23.564,0,331520
2600,6.933333333,6.936000000,113.290825,1,0,0.000000,0.000000,-27.560,0,332800
2610,6.960000000,6.962666667,113.290825,1,0,0.000000,0.000000,-31.484,0,334080
2620,6.986666667,6.989333333,113.290825,1,0,0.000000,0.000000,-34.135,0,335360
2630,7.013333333,7.016000000,113.290825,1,0,0.000000,0.000000,-38.230,0,336640
2640,7.040000000,7.042666667,113.290825,1,0,0.000000,0.000000,-43.830,0,337920
2650,7.066666667,7.069333333,113.290825,1,0,0.000000,0.000000,-29.243,0,339200
2660,7.093333333,7.096000000,113.290825,1,0,0.000000,0.015858,-29.733,0,340480
2670,7.120000000,7.122666667,113.290825,1,0,0.000000,0.008327,-29.300,0,341760
2680,7.146666667,7.149333333,113.290825,1,0,0.000000,0.000000,-28.137,0,343040
2690,7.173333333,7.176000000,113.290825,1,0,0.000000,0.000000,-27.717,0,344320
2700,7.200000000,7.202666667,113.290825,1,0,0.000000,0.000000,-28.587,0,345600
2710,7.226666667,7.229333333,113.290825,1,0,0.000000,0.000000,-33.208,0,346880
2720,7.253333333,7.256000000,113.290825,1,0,0.000000,0.027398,-37.132,0,348160
2730,7.280000000,7.282666667,113.290825,1,0,0.000000,0.000000,-42.484,0,349440
2739,7.304000000,7.306666667,113.290825,1,0,0.000000,0.000000,-47.370,1,350233
2740,7.306666667,7.309333333,113.290825,1,0,0.000000,0.090182,-45.800,0,350720
2750,7.333333333,7.336000000,113.290825,1,0,0.000000,0.002060,-23.290,0,352000
2760,7.360000000,7.362666667,113.290825,1,0,0.000000,0.000000,-23.125,0,353280
2770,7.386666667,7.389333333,113.290825,1,0,0.000000,0.000000,-23.037,0,354560
2780,7.413333333,7.416000000,113.290825,1,0,0.000000,0.003854,-21.067,0,355840
2790,7.440000000,7.442666667,113.290825,1,0,0.000000,0.000000,-22.152,0,357120
2800,7.466666667,7.469333333,113.290825,1,0,0.000000,0.000000,-25.446,0,358400
2810,7.493333333,7.496000000,113.290825,1,0,0.000000,0.000000,-31.052,0,359680
2820,7.520000000,7.522666667,113.290825,1,0,0.000000,0.082673,-35.597,0,360960
2830,7.546666667,7.549333333,113.290825,1,0,0.000000,0.000000,-42.810,0,362240
2840,7.573333333,7.576000000,113.290825,1,0,0.000000,0.033112,-44.778,0,363520
2850,7.600000000,7.602666667,113.290825,1,0,0.000000,0.052989,-45.645,0,364800
2860,7.626666667,7.629333333,113.290825,1,0,0.000000,0.075425,-46.057,0,366080
2870,7.653333333,7.656000000,113.290825,1,0,0.000000,0.000000,-48.144,0,367360
2880,7.680000000,7.682666667,113.290825,1,0,0.000000,0.000000,-49.334,0,368640
2890,7.706666667,7.709333333,113.290825,1,0,0.000000,0.014348,-50.675,0,369920
2900,7.733333333,7.736000000,113.290825,1,0,0.000000,0.000000,-51.504,0,371200
2910,7.760000000,7.762666667,113.290825,1,0,0.000000,0.000000,-52.749,0,372480
2920,7.786666667,7.789333333,113.290825,1,0,0.000000,0.000000,-53.505,0,373760
2930,7.813333333,7.816000000,113.290825,1,0,0.000000,0.000000,-54.601,0,375040
2935,7.826666667,7.829333333,113.290825,1,0,0.000000,0.003903,-54.923,1,375654
2940,7.840000000,7.842666667,113.290825,1,0,0.000000,0.000000,-55.692,0,376320
2950,7.866666667,7.869333333,113.290825,1,0,0.000000,0.000000,-57.340,0,377600
2960,7.893333333,7.896000000,113.290825,1,0,0.000000,0.010498,-57.311,0,378880
2970,7.920000000,7.922666667,113.290825,1,0,0.000000,0.001392,-58.401,0,380160
2980,7.946666667,7.949333333,113.290825,1,0,0.000000,0.000000,-59.197,0,381440
2990,7.973333333,7.976000000,113.290825,1,0,0.000000,0.000000,-60.108,0,382720
3000,8.000000000,8.002666667,113.290825,1,0,0.000000,0.074768,-59.599,0,384000
3010,8.026666667,8.029333333,113.290825,1,0,0.000000,0.000000,-61.052,0,385280
3020,8.053333333,8.056000000,113.290825,1,0,0.000000,0.000000,-58.224,0,386560
3030,8.080000000,8.082666667,113.290825,1,0,0.000000,0.187197,-53.957,0,387840
3040,8.106666667,8.109333333,113.290825,1,0,0.000000,0.000000,-59.692,0,389120
3050,8.133333333,8.136000000,113.290825,1,0,0.000000,0.193917,-59.605,0,390400
3060,8.160000000,8.162666667,113.290825,1,0,0.000000,0.000000,-62.194,0,391680
3070,8.186666667,8.189333333,113.290825,1,0,0.000000,0.058915,-59.383,0,392960
3080,8.213333333,8.216000000,113.184296,1,0,0.285549,0.188381,-58.698,0,394240
3090,8.240000000,8.242666667,113.184296,1,0,0.285549,0.000000,-62.646,0,395520
3100,8.266666667,8.269333333,113.184296,1,0,0.285549,0.000000,-58.999,0,396800
3110,8.293333333,8.296000000,113.184296,1,0,0.285549,0.056686,-60.009,0,398080
3120,8.320000000,8.322666667,113.184296,1,0,0.285549,0.000000,-61.620,0,399360
3130,8.346666667,8.349333333,113.184296,1,0,0.285549,0.226825,-59.094,0,400640
3140,8.373333333,8.376000000,113.184296,1,0,0.285549,0.000000,-62.279,0,401920
3147,8.392000000,8.394666667,113.184296,1,0,0.285549,0.000000,-62.772,1,402695
3150,8.400000000,8.402666667,113.184296,1,0,0.285549,0.070227,-60.118,0,403200
3160,8.426666667,8.429333333,113.184296,1,0,0.285549,0.115368,-61.222,0,404480
3170,8.453333333,8.456000000,113.184296,1,0,0.285549,0.000000,-62.269,0,405760
3180,8.480000000,8.482666667,113.184296,1,0,0.285549,0.000000,-62.111,0,407040
3190,8.506666667,8.509333333,113.184296,1,0,0.285549,0.285653,-56.532,0,408320
3200,8.533333333,8.536000000,113.184296,1,0,0.285549,0.100971,-60.987,0,409600
3210,8.560000000,8.562666667,113.184296,1,0,0.285549,0.000000,-63.144,0,410880
3220,8.586666667,8.589333333,113.184296,1,0,0.285549,0.155928,-58.240,0,412160
3230,8.613333333,8.616000000,113.184296,1,0,0.285549,0.000000,-62.160,0,413440
3240,8.640000000,8.642666667,113.184296,1,0,0.285549,0.000000,-62.508,0,414720
3250,8.666666667,8.669333333,113.184296,1,0,0.285549,0.000000,-59.938,0,416000
3260,8.693333333,8.696000000,113.184296,1,0,0.285549,0.000000,-62.591,0,417280
3270,8.720000000,8.722666667,113.184296,1,0,0.285549,0.100958,-58.313,0,418560
3280,8.746666667,8.749333333,113.184296,1,0,0.285549,0.000000,-63.263,0,419840
3290,8.773333333,8.776000000,113.184296,1,0,0.285549,0.001223,-62.233,0,421120
3300,8.800000000,8.802666667,113.184296,1,0,0.285549,0.000000,-62.440,0,422400
3310,8.826666667,8.829333333,113.184296,1,0,0.285549,0.301568,-58.084,0,423680
3320,8.853333333,8.856000000,113.184296,1,0,0.285549,0.022125,-61.142,0,424960
3330,8.880000000,8.882666667,113.184296,1,0,0.285549,0.000000,-62.130,0,426240
3340,8.906666667,8.909333333,113.184296,1,0,0.285549,0.004725,-62.396,0,427520
3347,8.925333333,8.928000000,113.184296,1,0,0.285549,0.000000,-62.916,1,428140
3350,8.933333333,8.936000000,113.184296,1,0,0.285549,0.000000,-62.979,0,428800
3355,8.946666667,8.949333333,113.184296,0,1,0.000000,0.000000,-62.247,0,429440
3356,8.949333333,8.952000000,113.184296,1,0,0.285549,0.165635,-59.343,0,429568
3360,8.960000000,8.962666667,113.184296,1,0,0.285549,0.000000,-60.128,0,430080
3370,8.986666667,8.989333333,113.184296,1,0,0.285549,0.000000,-61.159,0,431360
3380,9.013333333,9.016000000,113.184296,1,0,0.285549,0.000000,-62.579,0,432640
3390,9.040000000,9.042666667,113.184296,1,0,0.285549,0.023312,-54.044,0,433920
3400,9.066666667,9.069333333,113.184296,1,0,0.285549,0.000000,-62.926,0,435200
3410,9.093333333,9.096000000,113.184296,1,0,0.285549,0.139455,-58.214,0,436480
3420,9.120000000,9.122666667,113.184296,1,0,0.285549,0.015302,-61.794,0,437760
3430,9.146666667,9.149333333,113.184296,1,0,0.285549,0.000000,-62.890,0,439040
3438,9.168000000,9.170666667,113.184296,0,1,0.000000,0.063052,-61.072,0,440064
3440,9.173333333,9.176000000,113.184296,0,1,0.000000,0.002991,-62.640,0,440320
3441,9.176000000,9.178666667,113.184296,1,0,0.285549,0.216445,-58.819,0,440448
3450,9.200000000,9.202666667,113.184296,1,0,0.285549,0.000000,-58.571,0,441600
3460,9.226666667,9.229333333,113.184296,1,0,0.285549,0.000000,-63.026,0,442880
3470,9.253333333,9.256000000,113.184296,1,0,0.285549,0.060115,-57.162,0,444160
3480,9.280000000,9.282666667,113.184296,1,0,0.285549,0.000000,-62.459,0,445440
3490,9.306666667,9.309333333,113.184296,1,0,0.285549,0.062440,-61.797,0,446720
3500,9.333333333,9.336000000,113.184296,1,0,0.285549,0.000000,-62.450,0,448000
3510,9.360000000,9.362666667,113.184296,1,0,0.285549,0.074856,-61.455,0,449280
3520,9.386666667,9.389333333,113.184296,1,0,0.285549,0.000000,-62.141,0,450560
3530,9.413333333,9.416000000,113.184296,1,0,0.285549,0.000000,-59.732,0,451840
3540,9.440000000,9.442666667,113.184296,1,0,0.285549,0.106734,-60.366,0,453120
3543,9.448000000,9.450666667,113.184296,1,0,0.285549,0.061441,-62.395,1,453586
3550,9.466666667,9.469333333,113.184296,1,0,0.285549,0.052031,-60.022,0,454400
3560,9.493333333,9.496000000,113.184296,1,0,0.285549,0.054058,-61.761,0,455680
3570,9.520000000,9.522666667,113.184296,1,0,0.285549,0.000000,-62.549,0,456960
3580,9.546666667,9.549333333,113.184296,1,0,0.285549,0.000000,-62.258,0,458240
3590,9.573333333,9.576000000,113.184296,1,0,0.285549,0.114356,-59.574,0,459520
3600,9.600000000,9.602666667,113.184296,1,0,0.285549,0.230550,-58.234,0,460800
3610,9.626666667,9.629333333,113.184296,1,0,0.285549,0.000000,-62.606,0,462080
3620,9.653333333,9.656000000,113.184296,1,0,0.285549,0.089503,-60.151,0,463360
3630,9.680000000,9.682666667,113.184296,1,0,0.285549,0.000000,-61.630,0,464640
3640,9.706666667,9.709333333,113.184296,1,0,0.285549,0.144828,-59.875,0,465920
3650,9.733333333,9.736000000,113.184296,1,0,0.285549,0.092955,-60.517,0,467200
3660,9.760000000,9.762666667,113.184296,1,0,0.285549,0.024375,-62.167,0,468480
3670,9.786666667,9.789333333,113.184296,1,0,0.285549,0.003867,-58.255,0,469760
3680,9.813333333,9.816000000,113.184296,1,0,0.285549,0.172188,-55.311,0,471040
3690,9.840000000,9.842666667,113.184296,1,0,0.285549,0.000000,-61.646,0,472320
3700,9.866666667,9.869333333,113.184296,1,0,0.285549,0.124064,-60.849,0,473600
3710,9.893333333,9.896000000,113.184296,1,0,0.285549,0.268628,-56.980,0,474880
3720,9.920000000,9.922666667,113.184296,1,0,0.285549,0.082848,-60.667,0,476160
3730,9.946666667,9.949333333,113.184296,1,0,0.285549,0.223213,-57.628,0,477440
3740,9.973333333,9.976000000,113.184296,1,0,0.285549,0.129309,-60.727,0,478720
3743,9.981333333,9.984000000,113.184296,1,0,0.285549,0.000000,-62.180,1,479031
3750,10.000000000,10.002666667,113.184296,1,0,0.285549,0.000000,-61.887,0,480000
3760,10.026666667,10.029333333,113.184296,1,0,0.285549,0.000000,-58.733,0,481280
3770,10.053333333,10.056000000,113.184296,1,0,0.285549,0.060317,-60.115,0,482560
3780,10.080000000,10.082666667,113.184296,1,0,0.285549,0.031566,-61.434,0,483840
3790,10.106666667,10.109333333,113.184296,1,0,0.285549,0.119108,-60.128,0,485120
3800,10.133333333,10.136000000,113.184296,1,0,0.285549,0.000000,-61.928,0,486400
3810,10.160000000,10.162666667,113.184296,1,0,0.285549,0.000000,-63.456,0,487680
3820,10.186666667,10.189333333,113.184296,1,0,0.285549,0.000000,-62.521,0,488960
3830,10.213333333,10.216000000,113.184296,1,0,0.285549,0.068087,-61.587,0,490240
3840,10.240000000,10.242666667,113.184296,1,0,0.285549,0.002331,-57.537,0,491520
3850,10.266666667,10.269333333,113.184296,1,0,0.285549,0.000000,-60.766,0,492800
3860,10.293333333,10.296000000,113.184296,1,0,0.285549,0.000000,-61.172,0,494080
3870,10.320000000,10.322666667,113.184296,1,0,0.285549,0.039687,-58.663,0,495360
3880,10.346666667,10.349333333,113.184296,1,0,0.285549,0.040775,-60.003,0,496640
3890,10.373333333,10.376000000,113.184296,1,0,0.285549,0.000000,-61.973,0,497920
3900,10.400000000,10.402666667,113.184296,1,0,0.285549,0.007850,-61.050,0,499200
3910,10.426666667,10.429333333,113.184296,1,0,0.285549,0.020912,-62.283,0,500480
3920,10.453333333,10.456000000,113.184296,1,0,0.285549,0.057772,-60.422,0,501760
3930,10.480000000,10.482666667,113.184296,1,0,0.285549,0.000000,-62.714,0,503040
3940,10.506666667,10.509333333,113.184296,1,0,0.285549,0.106475,-60.584,0,504320
3943,10.514666667,10.517333333,113.184296,1,0,0.285549,0.025125,-61.043,1,504476
3950,10.533333333,10.536000000,113.184296,1,0,0.285549,0.062178,-61.015,0,505600
3960,10.560000000,10.562666667,113.184296,1,0,0.285549,0.047381,-62.266,0,506880
3970,10.586666667,10.589333333,113.184296,1,0,0.285549,0.000000,-61.350,0,508160
3980,10.613333333,10.616000000,113.184296,1,0,0.285549,0.009249,-61.582,0,509440
3990,10.640000000,10.642666667,113.184296,1,0,0.285549,0.000000,-61.097,0,510720
4000,10.666666667,10.669333333,113.184296,1,0,0.285549,0.000000,-61.231,0,512000
4010,10.693333333,10.696000000,113.184296,1,0,0.285549,0.029413,-62.471,0,513280
4020,10.720000000,10.722666667,113.184296,1,0,0.285549,0.000000,-60.658,0,514560
4030,10.746666667,10.749333333,113.184296,1,0,0.285549,0.000000,-60.747,0,515840
4040,10.773333333,10.776000000,113.184296,1,0,0.285549,0.178155,-56.888,0,517120
4050,10.800000000,10.802666667,113.184296,1,0,0.285549,0.000000,-63.714,0,518400
4060,10.826666667,10.829333333,113.184296,1,0,0.285549,0.228178,-59.300,0,519680
4070,10.853333333,10.856000000,113.184296,1,0,0.285549,0.254664,-58.934,0,520960
4080,10.880000000,10.882666667,113.184296,1,0,0.285549,0.015126,-60.559,0,522240
4090,10.906666667,10.909333333,113.184296,1,0,0.285549,0.000000,-59.173,0,523520
4100,10.933333333,10.936000000,113.452095,1,0,0.652994,0.000000,-63.249,0,524800
4110,10.960000000,10.962666667,113.452095,1,0,0.652994,0.029556,-59.604,0,526080
4120,10.986666667,10.989333333,113.452095,1,0,0.652994,0.000000,-62.250,0,527360
4130,11.013333333,11.016000000,113.452095,1,0,0.652994,0.000000,-63.308,0,528640
4134,11.024000000,11.026666667,113.452095,0,1,0.000000,0.096443,-60.638,0,529152
4136,11.029333333,11.032000000,113.452095,1,0,0.652994,0.062630,-59.514,0,529408
4140,11.040000000,11.042666667,113.452095,1,0,0.652994,0.000000,-61.763,0,529920
4150,11.066666667,11.069333333,113.452095,1,0,0.652994,0.000437,-62.733,0,531200
4160,11.093333333,11.096000000,113.452095,1,0,0.652994,0.000000,-57.857,0,532480
4170,11.120000000,11.122666667,113.452095,1,0,0.652994,0.101584,-60.210,0,533760
4180,11.146666667,11.149333333,113.452095,1,0,0.652994,0.000000,-63.019,0,535040
4190,11.173333333,11.176000000,113.452095,1,0,0.652994,0.000000,-62.294,0,536320
4200,11.200000000,11.202666667,113.452095,1,0,0.652994,0.059445,-58.669,0,537600
4210,11.226666667,11.229333333,113.452095,1,0,0.652994,0.085455,-60.650,0,538880
4220,11.253333333,11.256000000,113.452095,1,0,0.652994,0.000000,-63.312,0,540160
4230,11.280000000,11.282666667,113.452095,1,0,0.652994,0.097135,-60.966,0,541440
4232,11.285333333,11.288000000,113.452095,0,1,0.000000,0.000000,-62.883,0,541696
4234,11.290666667,11.293333333,113.452095,1,0,0.652994,0.272744,-57.077,0,541952
4240,11.306666667,11.309333333,113.452095,1,0,0.652994,0.000000,-62.576,0,542720
4250,11.333333333,11.336000000,113.452095,1,0,0.652994,0.000000,-60.511,0,544000
4260,11.360000000,11.362666667,113.452095,1,0,0.652994,0.000000,-63.212,0,545280
4270,11.386666667,11.389333333,113.452095,1,0,0.652994,0.000000,-62.477,0,546560
4280,11.413333333,11.416000000,113.452095,1,0,0.652994,0.324250,-56.625,0,547840
4290,11.440000000,11.442666667,113.452095,1,0,0.652994,0.000000,-56.062,0,549120
4300,11.466666667,11.469333333,113.452095,1,0,0.652994,0.000000,-61.959,0,550400
4310,11.493333333,11.496000000,113.452095,1,0,0.652994,0.282533,-58.091,0,551680
4320,11.520000000,11.522666667,113.452095,1,0,0.652994,0.062259,-57.843,0,552960
4330,11.546666667,11.549333333,113.452095,1,0,0.652994,0.000000,-62.202,0,554240
4335,11.560000000,11.562666667,113.452095,1,0,0.652994,0.020677,-62.722,1,554569
4340,11.573333333,11.576000000,113.452095,1,0,0.652994,0.000000,-62.429,0,555520
4350,11.600000000,11.602666667,113.452095,1,0,0.652994,0.051628,-61.850,0,556800
4360,11.626666667,11.629333333,113.452095,1,0,0.652994,0.000000,-59.107,0,558080
4370,11.653333333,11.656000000,113.452095,1,0,0.652994,0.000000,-60.061,0,559360
4380,11.680000000,11.682666667,113.452095,1,0,0.652994,0.000000,-61.622,0,560640
4390,11.706666667,11.709333333,113.452095,1,0,0.652994,0.000000,-62.169,0,561920
4400,11.733333333,11.736000000,113.452095,1,0,0.652994,0.000000,-58.547,0,563200
4410,11.760000000,11.762666667,113.452095,1,0,0.652994,0.000000,-63.175,0,564480
4420,11.786666667,11.789333333,113.452095,1,0,0.652994,0.000000,-62.810,0,565760
4430,11.813333333,11.816000000,113.452095,1,0,0.652994,0.000000,-62.021,0,567040
4440,11.840000000,11.842666667,113.452095,1,0,0.652994,0.000000,-62.570,0,568320
4450,11.866666667,11.869333333,113.452095,1,0,0.652994,0.224165,-59.043,0,569600
4460,11.893333333,11.896000000,113.452095,1,0,0.652994,0.096468,-60.243,0,570880
4470,11.920000000,11.922666667,113.452095,1,0,0.652994,0.000000,-61.136,0,572160
4480,11.946666667,11.949333333,113.452095,1,0,0.652994,0.000000,-62.982,0,573440
4490,11.973333333,11.976000000,113.452095,1,0,0.652994,0.043909,-61.177,0,574720
4500,12.000000000,12.002666667,113.452095,1,0,0.652994,0.000000,-63.252,0,576000
4510,12.026666667,12.029333333,113.452095,1,0,0.652994,0.075039,-62.075,0,577280
4520,12.053333333,12.056000000,113.452095,1,0,0.652994,0.117391,-60.594,0,578560
4524,12.064000000,12.064291667,113.452095,1,0,0.652994,0.183924,-58.771,0,579072
