tag,rate,block,drums,warm_blocks,duration_s,cold_cxxnew,cold_cxxnewarr,cold_cxxdel,cold_cxxdelarr,cold_cxxdelsized,cold_malloc,cold_calloc,cold_realloc,cold_free,cold_noopfree,cold_lock,cold_trylock,cold_cond,cold_unlock,cold_alloc_overflow,cold_lock_overflow,warm_cxxnew,warm_cxxnewarr,warm_cxxdel,warm_cxxdelarr,warm_cxxdelsized,warm_malloc,warm_calloc,warm_realloc,warm_free,warm_noopfree,warm_lock,warm_trylock,warm_cond,warm_unlock,warm_alloc_overflow,warm_lock_overflow,warm_alloc_cxx_total,warm_alloc_c_total,process_wall_ms,total_wall_ms,drum_active_blocks,voice_events,out_rms
dry,44100,64,0,128,0.1858,0,0,0,0,0,0,0,0,0,0,0,0,0,0,0,0,0,0,0,0,0,0,0,0,0,0,0,0,0,0,0,0,0,0,1.342,1.371,0,0,0.140935
dry+drums,44100,64,1,128,0.1858,0,0,0,0,0,0,0,0,0,1,0,0,0,0,0,0,0,0,0,0,0,0,0,0,0,128,0,0,0,0,0,0,0,0,1.624,1.665,128,0,0.241634
dry,44100,128,0,128,0.3715,0,0,0,0,0,0,0,0,0,0,0,0,0,0,0,0,0,0,0,0,0,0,0,0,0,0,0,0,0,0,0,0,0,0,2.565,2.632,0,0,0.141673
dry+drums,44100,128,1,128,0.3715,0,0,0,0,0,0,0,0,0,1,0,0,0,0,0,0,0,0,0,0,0,0,0,0,0,128,0,0,0,0,0,0,0,0,3.443,3.524,128,2,0.206361
dry,44100,512,0,128,1.4861,0,0,0,0,0,0,0,0,0,0,0,0,0,0,0,0,0,0,0,0,0,0,0,0,0,0,0,0,0,0,0,0,0,0,10.206,10.442,0,0,0.141809
dry+drums,44100,512,1,128,1.4861,0,0,0,0,0,0,0,0,0,1,0,0,0,0,0,0,0,0,0,0,0,0,0,0,0,128,0,0,0,0,0,0,0,0,12.005,12.253,128,10,0.191945
dry,48000,64,0,128,0.1707,0,0,0,0,0,0,0,0,0,0,0,0,0,0,0,0,0,0,0,0,0,0,0,0,0,0,0,0,0,0,0,0,0,0,1.344,1.389,0,0,0.139793
dry+drums,48000,64,1,128,0.1707,0,0,0,0,0,0,0,0,0,1,0,0,0,0,0,0,0,0,0,0,0,0,0,0,0,128,0,0,0,0,0,0,0,0,1.502,1.542,128,0,0.250659
dry,48000,128,0,128,0.3413,0,0,0,0,0,0,0,0,0,0,0,0,0,0,0,0,0,0,0,0,0,0,0,0,0,0,0,0,0,0,0,0,0,0,2.524,2.590,0,0,0.142658
dry+drums,48000,128,1,128,0.3413,0,0,0,0,0,0,0,0,0,1,0,0,0,0,0,0,0,0,0,0,0,0,0,0,0,128,0,0,0,0,0,0,0,0,3.038,3.113,128,2,0.211585
dry,48000,512,0,128,1.3653,0,0,0,0,0,0,0,0,0,0,0,0,0,0,0,0,0,0,0,0,0,0,0,0,0,0,0,0,0,0,0,0,0,0,10.105,10.357,0,0,0.142316
dry+drums,48000,512,1,128,1.3653,0,0,0,0,0,0,0,0,0,1,0,0,0,0,0,0,0,0,0,0,0,0,0,0,0,128,0,0,0,0,0,0,0,0,11.943,12.186,128,10,0.197669
dry,96000,64,0,128,0.0853,0,0,0,0,0,0,0,0,0,0,0,0,0,0,0,0,0,0,0,0,0,0,0,0,0,0,0,0,0,0,0,0,0,0,1.451,1.486,0,0,0.140861
dry+drums,96000,64,1,128,0.0853,0,0,0,0,0,0,0,0,0,1,0,0,0,0,0,0,0,0,0,0,0,0,0,0,0,128,0,0,0,0,0,0,0,0,1.491,1.524,128,0,0.309349
dry,96000,128,0,128,0.1707,0,0,0,0,0,0,0,0,0,0,0,0,0,0,0,0,0,0,0,0,0,0,0,0,0,0,0,0,0,0,0,0,0,0,2.528,2.587,0,0,0.142780
dry+drums,96000,128,1,128,0.1707,0,0,0,0,0,0,0,0,0,1,0,0,0,0,0,0,0,0,0,0,0,0,0,0,0,128,0,0,0,0,0,0,0,0,2.925,2.995,128,0,0.250505
dry,96000,512,0,128,0.6827,0,0,0,0,0,0,0,0,0,0,0,0,0,0,0,0,0,0,0,0,0,0,0,0,0,0,0,0,0,0,0,0,0,0,9.981,10.225,0,0,0.141889
dry+drums,96000,512,1,128,0.6827,0,0,0,0,0,0,0,0,0,1,0,0,0,0,0,0,0,0,0,0,0,0,0,0,0,128,0,0,0,0,0,0,0,0,11.496,11.727,128,4,0.207188
nam,48000,128,0,128,0.3413,0,0,0,0,0,0,0,0,0,0,0,0,0,0,0,0,0,0,0,0,0,0,0,0,0,0,0,0,0,0,0,0,0,0,34.917,34.708,0,0,9.175836
nam+drums,48000,128,1,128,0.3413,0,0,0,0,0,0,0,0,0,1,0,0,0,0,0,0,0,0,0,0,0,0,0,0,0,128,0,0,0,0,0,0,0,0,33.777,33.586,128,2,9.175084
nam,48000,512,0,128,1.3653,0,0,0,0,0,0,0,0,0,0,0,0,0,0,0,0,0,0,0,0,0,0,0,0,0,0,0,0,0,0,0,0,0,0,110.126,109.176,0,0,9.179952
nam+drums,48000,512,1,128,1.3653,0,0,0,0,0,0,0,0,0,1,0,0,0,0,0,0,0,0,0,0,0,0,0,0,0,128,0,0,0,0,0,0,0,0,104.069,103.531,128,10,9.181342
nam,96000,128,0,128,0.1707,0,0,0,0,0,0,0,0,0,0,0,0,0,0,0,0,0,0,0,0,0,0,0,0,0,0,0,0,0,0,0,0,0,0,17.353,17.271,0,0,9.177808
nam+drums,96000,128,1,128,0.1707,0,0,0,0,0,0,0,0,0,1,0,0,0,0,0,0,0,0,0,0,0,0,0,0,0,128,0,0,0,0,0,0,0,0,17.379,17.318,128,0,9.175990
nam,96000,512,0,128,0.6827,0,0,0,0,0,0,0,0,0,0,0,0,0,0,0,0,0,0,0,0,0,0,0,0,0,0,0,0,0,0,0,0,0,0,62.419,62.216,0,0,9.177193
nam+drums,96000,512,1,128,0.6827,0,0,0,0,0,0,0,0,0,1,0,0,0,0,0,0,0,0,0,0,0,0,0,0,0,128,0,0,0,0,0,0,0,0,63.774,63.401,128,4,9.177444
